{
 "f1": {
  "label": "f1 = e^{-2x}",
  "a_star": -1.0000000000000002,
  "NS": [
   20,
   40,
   80,
   160,
   320
  ],
  "data": {
   "0": {
    "a": 0.0,
    "E2": [
     0.01774811517536284,
     0.008856846876302808,
     0.004423970637760213,
     0.0022108532926860707,
     0.0011051412829677185
    ],
    "Einf": [
     0.018238616850079215,
     0.009158401582966269,
     0.004588851332127886,
     0.0022968365630093857,
     0.0011490226249626923
    ],
    "EOC2": [
     1.0028007387671192,
     1.0014513663827307,
     1.0007385160325246,
     1.0003724765235658
    ],
    "EOCinf": [
     0.9938285932918626,
     0.9969627589187703,
     0.9984848657238757,
     0.9992409960774136
    ]
   },
   "-1/2": {
    "a": -0.5,
    "E2": [
     0.008782286349596926,
     0.004405442375880463,
     0.0022062354132590814,
     0.001103988598910217,
     0.0005522110588098847
    ],
    "Einf": [
     0.009081779605254414,
     0.004569691702800471,
     0.0022920466027612774,
     0.0011478251093257619,
     0.00057436232214092
    ],
    "EOC2": [
     0.9953096790701164,
     0.997700155854398,
     0.9988614666755884,
     0.999433587877693
    ],
    "EOCinf": [
     0.9908781899481601,
     0.995460458398541,
     0.9977335381801552,
     0.998869822276161
    ]
   },
   "a*": {
    "a": -1.0000000000000002,
    "E2": [
     4.529069233715121e-16,
     1.2395830817624497e-15,
     3.33935713773517e-15,
     8.891456660248976e-15,
     1.845568599389913e-14
    ],
    "Einf": [
     9.71445146547012e-16,
     2.6645352591003757e-15,
     8.854028621385623e-15,
     2.1926904736346842e-14,
     4.2521541843143495e-14
    ],
    "EOC2": [
     -1.452568471336496,
     -1.4297154252793511,
     -1.4128493956755832,
     -1.0535736673837643
    ],
    "EOCinf": [
     -1.4556794837761897,
     -1.732450113043713,
     -1.3082962292995959,
     -0.9554917388604919
    ]
   }
  }
 },
 "f2": {
  "label": "f2 = e^{-10x} (layer eps=0.1)",
  "a_star": -5.000000000000001,
  "NS": [
   20,
   40,
   80,
   160,
   320
  ],
  "data": {
   "0": {
    "a": 0.0,
    "E2": [
     0.0401758033527281,
     0.019947823137752486,
     0.009930792011779035,
     0.004953578949795712,
     0.002473704312767157
    ],
    "Einf": [
     0.08791421756288531,
     0.044996213587080225,
     0.022745649041763072,
     0.011434530716273261,
     0.005732916178127101
    ],
    "EOC2": [
     1.0100955553366397,
     1.0062506299829381,
     1.0034375359079777,
     1.0017981837260803
    ],
    "EOCinf": [
     0.9662928937655709,
     0.9842130021722775,
     0.9921934447572719,
     0.9960560669931097
    ]
   },
   "-1/2": {
    "a": -0.5,
    "E2": [
     0.03578635276879632,
     0.017860160434189403,
     0.008914517158721803,
     0.004452426128464599,
     0.0022248857091927547
    ],
    "Einf": [
     0.07883165628062994,
     0.04041750097641228,
     0.020448914298603016,
     0.01028600251340378,
     0.005158316951132558
    ],
    "EOC2": [
     1.002664476404944,
     1.002516476259516,
     1.0015649832414288,
     1.0008604475826277
    ],
    "EOCinf": [
     0.9637949640801085,
     0.982955874616384,
     0.9913418363570253,
     0.995710084430362
    ]
   },
   "a*": {
    "a": -5.000000000000001,
    "E2": [
     3.1861296623625765e-17,
     4.93013338758663e-17,
     1.5522449218242865e-16,
     3.822740419061723e-16,
     1.189316085377757e-15
    ],
    "Einf": [
     2.220446049250313e-16,
     2.220446049250313e-16,
     5.828670879282072e-16,
     1.3322676295501878e-15,
     5.745404152435185e-15
    ],
    "EOC2": [
     -0.629821700265368,
     -1.654657626735782,
     -1.3002510262194211,
     -1.6374530488728654
    ],
    "EOCinf": [
     0.0,
     -1.3923174227787605,
     -1.1926450779423958,
     -2.108524456778169
    ]
   }
  }
 },
 "f3": {
  "label": "f3 = 0.7 e^{-x}+0.3 e^{-3x}",
  "a_star": -0.6605166587409782,
  "NS": [
   20,
   40,
   80,
   160,
   320
  ],
  "data": {
   "0": {
    "a": 0.0,
    "E2": [
     0.013977282101785664,
     0.006963948974039097,
     0.003475682593761222,
     0.001736253669734044,
     0.0008677281097223198
    ],
    "Einf": [
     0.012841450922294051,
     0.006434790488605957,
     0.0032207295034554217,
     0.0016111564241023668,
     0.0008057838996538003
    ],
    "EOC2": [
     1.005106317028124,
     1.002609293781113,
     1.0013185949103813,
     1.0006627728899231
    ],
    "EOCinf": [
     0.9968431366674413,
     0.9985056768041015,
     0.999290930110604,
     0.9996316849158562
    ]
   },
   "-1/2": {
    "a": -0.5,
    "E2": [
     0.004310417016479827,
     0.002160343000316844,
     0.0010813777861367914,
     0.0005409806736732853,
     0.00027056205056118633
    ],
    "Einf": [
     0.005425635103281201,
     0.00273596009834709,
     0.001373789954697724,
     0.0006883346069898044,
     0.0003445255537058989
    ],
    "EOC2": [
     0.9965670622920866,
     0.9983897633141319,
     0.999221665368325,
     0.9996175563114458
    ],
    "EOCinf": [
     0.9877448336932967,
     0.9938857494087631,
     0.9969794900778292,
     0.9984990526792397
    ]
   },
   "a*": {
    "a": -0.6605166587409782,
    "E2": [
     0.002732508710567289,
     0.0013831393272886452,
     0.0006957847796151207,
     0.0003489452373188994,
     0.00017473570371145375
    ],
    "Einf": [
     0.003288067029370012,
     0.0016668337161418467,
     0.0008391146023843943,
     0.00042099620426128137,
     0.00021085762251760176
    ],
    "EOC2": [
     0.9822796045603929,
     0.9912334650327855,
     0.9956404792734956,
     0.9978262169178025
    ],
    "EOCinf": [
     0.9801295217998599,
     0.9901704219515385,
     0.9950606348402908,
     0.9975380498002185
    ]
   }
  }
 },
 "f4": {
  "label": "f4 = e^{-x}+e^{-4x}",
  "a_star": -0.9307606178251758,
  "NS": [
   20,
   40,
   80,
   160,
   320
  ],
  "data": {
   "0": {
    "a": 0.0,
    "E2": [
     0.033548979006274446,
     0.016685500239729905,
     0.00831975749134791,
     0.00415403800522305,
     0.0020755472859198512
    ],
    "Einf": [
     0.04133008918682912,
     0.020793855565067965,
     0.010428600274774213,
     0.005221905326314502,
     0.0026129112724160297
    ],
    "EOC2": [
     1.0076739217614499,
     1.0039815582344191,
     1.002027061112681,
     1.0010226150838015
    ],
    "EOCinf": [
     0.9910351916102322,
     0.9956117527880682,
     0.9978973257414377,
     0.9989181663106328
    ]
   },
   "-1/2": {
    "a": -0.5,
    "E2": [
     0.01869759888829888,
     0.009363553731293332,
     0.004684847771267541,
     0.0023431132825308286,
     0.0011717191318799608
    ],
    "Einf": [
     0.02701018001327249,
     0.013650993942260436,
     0.00686141857716982,
     0.0034398383697491486,
     0.001722183242580222
    ],
    "EOC2": [
     0.9977249316421173,
     0.999054007042931,
     0.9995754640477404,
     0.9997999173576926
    ],
    "EOCinf": [
     0.9844972559191247,
     0.9924272139034682,
     0.9961661024624593,
     0.9981021219652136
    ]
   },
   "a*": {
    "a": -0.9307606178251758,
    "E2": [
     0.011770908530248892,
     0.005976270455399838,
     0.003010774269380949,
     0.0015110372608864305,
     0.0007569298634810369
    ],
    "Einf": [
     0.015183233708730759,
     0.0077263553410193975,
     0.0038967618821017513,
     0.0019567602779104742,
     0.0009804726146875886
    ],
    "EOC2": [
     0.9779083344852652,
     0.9891108914929123,
     0.9945953105348397,
     0.9973077040252964
    ],
    "EOCinf": [
     0.9746191522494854,
     0.9875122537482274,
     0.9938087533288658,
     0.9969177820998886
    ]
   }
  }
 }
}